{
  "accuracy": [
    0.5904166666666667,
    0.7997916666666667,
    0.834375,
    0.858125,
    0.86625,
    0.8927083333333333,
    0.9070833333333334,
    0.914375,
    0.9179166666666667,
    0.9310416666666667,
    0.9291666666666667,
    0.9358333333333333,
    0.9404166666666667,
    0.9439583333333333,
    0.9552083333333333,
    0.95375,
    0.95875,
    0.95875,
    0.9572916666666667,
    0.9577083333333334,
    0.9614583333333333,
    0.965,
    0.9629166666666666,
    0.969375,
    0.9660416666666667,
    0.9670833333333333,
    0.9741666666666666,
    0.9720833333333333,
    0.9708333333333333,
    0.9689583333333334,
    0.9691666666666666,
    0.975625,
    0.973125,
    0.9739583333333334,
    0.975,
    0.9733333333333334,
    0.9729166666666667,
    0.975,
    0.9772916666666667,
    0.9789583333333334,
    0.975625,
    0.97875,
    0.9735416666666666,
    0.9758333333333333,
    0.973125,
    0.97875,
    0.9766666666666667,
    0.978125,
    0.9754166666666667,
    0.9752083333333333,
    0.9735416666666666,
    0.9820833333333333,
    0.9804166666666667,
    0.97875,
    0.9789583333333334,
    0.97875,
    0.98375,
    0.979375,
    0.981875,
    0.9797916666666666,
    0.976875,
    0.9772916666666667,
    0.9802083333333333,
    0.9791666666666666
  ],
  "val_accuracy": [
    0.7843326885880078,
    0.8249516441005803,
    0.8462282398452611,
    0.8588007736943907,
    0.867504835589942,
    0.8704061895551257,
    0.879110251450677,
    0.8723404255319149,
    0.8868471953578336,
    0.8945841392649904,
    0.8839458413926499,
    0.8907156673114119,
    0.8955512572533849,
    0.8897485493230174,
    0.8965183752417795,
    0.8936170212765957,
    0.8907156673114119,
    0.8994197292069632,
    0.8974854932301741,
    0.8945841392649904,
    0.9013539651837524,
    0.9013539651837524,
    0.9032882011605415,
    0.902321083172147,
    0.9003868471953579,
    0.8974854932301741,
    0.8984526112185687,
    0.8984526112185687,
    0.8974854932301741,
    0.9042553191489362,
    0.9003868471953579,
    0.8974854932301741,
    0.902321083172147,
    0.9042553191489362,
    0.9042553191489362,
    0.9052224371373307,
    0.9013539651837524,
    0.9032882011605415,
    0.9090909090909091,
    0.9052224371373307,
    0.9110251450676983,
    0.9129593810444874,
    0.9119922630560928,
    0.9158607350096711,
    0.9061895551257253,
    0.9042553191489362,
    0.913926499032882,
    0.9100580270793037,
    0.9081237911025145,
    0.9090909090909091,
    0.9110251450676983,
    0.9110251450676983,
    0.9090909090909091,
    0.913926499032882,
    0.9119922630560928,
    0.9129593810444874,
    0.9081237911025145,
    0.9129593810444874,
    0.9148936170212766,
    0.9110251450676983,
    0.9129593810444874,
    0.9119922630560928,
    0.9129593810444874,
    0.9110251450676983
  ],
  "loss": [
    1.1276491196950276,
    0.7699033387502034,
    0.6951809620857239,
    0.6459463389714559,
    0.623586616118749,
    0.5817589386304219,
    0.5553544012705485,
    0.5386045833428701,
    0.5338626245657603,
    0.5157057332992554,
    0.5168204307556152,
    0.5011049731572469,
    0.48508173108100894,
    0.4818514076868693,
    0.46506760915120443,
    0.47035008947054546,
    0.4600642736752828,
    0.46350807666778565,
    0.4576916035016378,
    0.46333237846692404,
    0.4468329262733459,
    0.45546037793159483,
    0.44246988773345947,
    0.4329911986986796,
    0.45022928953170777,
    0.44105058987935386,
    0.4300117337703705,
    0.4258348508675893,
    0.42999743978182475,
    0.4319928614298503,
    0.43464538812637327,
    0.42569363753000894,
    0.42305134614308676,
    0.4203860330581665,
    0.4067866583665212,
    0.41983203530311586,
    0.4099736813704173,
    0.4166224491596222,
    0.40980583349863686,
    0.410836542447408,
    0.42328092018763225,
    0.4088219483693441,
    0.4093526860078176,
    0.4084281067053477,
    0.40941807746887204,
    0.40511609037717183,
    0.4135683997472127,
    0.40769341349601745,
    0.4151671771208445,
    0.4078293939431508,
    0.40533621231714884,
    0.3992137881120046,
    0.40049527486165365,
    0.4021354548136393,
    0.4040905785560608,
    0.4013140511512756,
    0.3943905957539876,
    0.3914453947544098,
    0.3902968895435333,
    0.3936091379324595,
    0.395621657371521,
    0.3974774380524953,
    0.3939743665854136,
    0.3958084718386332
  ],
  "val_loss": [
    0.7653969526290894,
    0.5500022172927856,
    0.4531436562538147,
    0.41286617517471313,
    0.3863697052001953,
    0.3664003610610962,
    0.3524886667728424,
    0.3420468866825104,
    0.3296217620372772,
    0.32571306824684143,
    0.3239314556121826,
    0.3238043189048767,
    0.3170005679130554,
    0.3209144175052643,
    0.30985167622566223,
    0.30916428565979004,
    0.31147095561027527,
    0.30572742223739624,
    0.3045401871204376,
    0.308853417634964,
    0.29967114329338074,
    0.30494266748428345,
    0.29863327741622925,
    0.2975952923297882,
    0.29656004905700684,
    0.3003004789352417,
    0.3014642000198364,
    0.2961657643318176,
    0.3009210228919983,
    0.2980785071849823,
    0.2908269166946411,
    0.297439843416214,
    0.29547497630119324,
    0.29424628615379333,
    0.29108762741088867,
    0.29246604442596436,
    0.29390305280685425,
    0.28628265857696533,
    0.29002711176872253,
    0.28790396451950073,
    0.28594842553138733,
    0.28232574462890625,
    0.287039190530777,
    0.28269878029823303,
    0.2857133448123932,
    0.2929617464542389,
    0.28545865416526794,
    0.28170016407966614,
    0.28138816356658936,
    0.2845890522003174,
    0.27980607748031616,
    0.28056997060775757,
    0.2864533066749573,
    0.283777117729187,
    0.29536014795303345,
    0.28535470366477966,
    0.2945128381252289,
    0.2869657278060913,
    0.28170639276504517,
    0.28656142950057983,
    0.28678983449935913,
    0.283457487821579,
    0.2877289354801178,
    0.29158034920692444
  ]
}