{
  "accuracy": [
    0.7729635834693909,
    0.8436494469642639,
    0.8644466400146484,
    0.8722456097602844,
    0.8815301060676575,
    0.8873483538627625,
    0.8911859393119812,
    0.8950235247612,
    0.8971279859542847,
    0.8999752402305603,
    0.9062886834144592,
    0.903812825679779,
    0.8810349106788635,
    0.9311710596084595,
    0.9595196843147278,
    0.9733844995498657,
    0.9741272330284119,
    0.9850210547447205,
    0.9870017170906067,
    0.9897251725196838,
    0.9867541193962097,
    0.9888586401939392,
    0.9886110424995422,
    0.9930675625801086,
    0.9948006868362427,
    0.9952958822250366,
    0.9934389591217041,
    0.992448627948761,
    0.9930675625801086,
    0.9948006868362427,
    0.9978955388069153,
    0.9974003434181213
  ],
  "loss": [
    0.7964685559272766,
    0.6461750268936157,
    0.5995258092880249,
    0.5814250111579895,
    0.5595487356185913,
    0.5454031229019165,
    0.5420839786529541,
    0.5349184274673462,
    0.5273106694221497,
    0.5212094187736511,
    0.5162087678909302,
    0.5127702355384827,
    0.5845246911048889,
    0.450827956199646,
    0.38398632407188416,
    0.35533255338668823,
    0.3435019254684448,
    0.3236209750175476,
    0.3177948594093323,
    0.30206599831581116,
    0.30611559748649597,
    0.2983091473579407,
    0.2977806627750397,
    0.2865120470523834,
    0.2783874571323395,
    0.27589377760887146,
    0.27730098366737366,
    0.2764740586280823,
    0.271770715713501,
    0.26576608419418335,
    0.25666046142578125,
    0.2566153407096863
  ],
  "val_accuracy": [
    0.8521085977554321,
    0.8757943511009216,
    0.8885037302970886,
    0.8856152296066284,
    0.8890814781188965,
    0.8896591663360596,
    0.881571352481842,
    0.8838821649551392,
    0.909878671169281,
    0.8977469801902771,
    0.9023685455322266,
    0.911611795425415,
    0.9202772974967957,
    0.9445407390594482,
    0.9485846161842346,
    0.9497400522232056,
    0.941074550151825,
    0.9549393653869629,
    0.9566724300384521,
    0.9572501182556152,
    0.9624494314193726,
    0.9641825556755066,
    0.9659156799316406,
    0.9636048674583435,
    0.9624494314193726,
    0.954361617565155,
    0.9664933681488037,
    0.9503177404403687,
    0.9636048674583435,
    0.968226432800293,
    0.969959557056427,
    0.9647602438926697
  ],
  "val_loss": [
    0.665596604347229,
    0.5961830019950867,
    0.5554215312004089,
    0.5601961612701416,
    0.5352098941802979,
    0.5356630086898804,
    0.5644605159759521,
    0.565998911857605,
    0.5163553953170776,
    0.5364577770233154,
    0.516923189163208,
    0.5172441005706787,
    0.4790610373020172,
    0.4314928948879242,
    0.4237365424633026,
    0.41040149331092834,
    0.4278410077095032,
    0.40157178044319153,
    0.38529452681541443,
    0.3782545030117035,
    0.36440619826316833,
    0.3708142936229706,
    0.3622385859489441,
    0.35128647089004517,
    0.35976481437683105,
    0.377711683511734,
    0.34592705965042114,
    0.38831108808517456,
    0.3476608693599701,
    0.33354994654655457,
    0.335735559463501,
    0.3420434594154358
  ],
  "learning_rate": [
    0.0010000000474974513,
    0.0010000000474974513,
    0.0010000000474974513,
    0.0010000000474974513,
    0.0010000000474974513,
    0.0010000000474974513,
    0.0010000000474974513,
    0.0010000000474974513,
    0.0010000000474974513,
    0.0010000000474974513,
    0.0010000000474974513,
    0.0010000000474974513,
    9.999999747378752e-05,
    9.999999747378752e-05,
    9.999999747378752e-05,
    9.999999747378752e-05,
    9.999999747378752e-05,
    9.999999747378752e-05,
    9.999999747378752e-05,
    9.999999747378752e-05,
    9.999999747378752e-05,
    9.999999747378752e-05,
    9.999999747378752e-05,
    9.999999747378752e-05,
    9.999999747378752e-05,
    9.999999747378752e-05,
    9.999999747378752e-05,
    9.999999747378752e-05,
    9.999999747378752e-05,
    9.999999747378752e-05,
    9.999999747378752e-05,
    9.999999747378752e-05
  ]
}